<?xml version="1.0" encoding="UTF-8"?>
<spirit:component xmlns:xilinx="http://www.xilinx.com" xmlns:spirit="http://www.spiritconsortium.org/XMLSchema/SPIRIT/1685-2009" xmlns:xsi="http://www.w3.org/2001/XMLSchema-instance">
  <spirit:vendor>xilinx.com</spirit:vendor>
  <spirit:library>hls</spirit:library>
  <spirit:name>compute</spirit:name>
  <spirit:version>1.0</spirit:version>
  <spirit:busInterfaces>
    <spirit:busInterface>
      <spirit:name>ap_clk</spirit:name>
      <spirit:busType spirit:vendor="xilinx.com" spirit:library="signal" spirit:name="clock" spirit:version="1.0"/>
      <spirit:abstractionType spirit:vendor="xilinx.com" spirit:library="signal" spirit:name="clock_rtl" spirit:version="1.0"/>
      <spirit:slave/>
      <spirit:portMaps>
        <spirit:portMap>
          <spirit:logicalPort>
            <spirit:name>CLK</spirit:name>
          </spirit:logicalPort>
          <spirit:physicalPort>
            <spirit:name>ap_clk</spirit:name>
          </spirit:physicalPort>
        </spirit:portMap>
      </spirit:portMaps>
      <spirit:parameters>
        <spirit:parameter>
          <spirit:name>ASSOCIATED_RESET</spirit:name>
          <spirit:value spirit:id="BUSIFPARAM_VALUE.AP_CLK.ASSOCIATED_RESET">ap_rst</spirit:value>
        </spirit:parameter>
        <spirit:parameter>
          <spirit:name>LAYERED_METADATA</spirit:name>
          <spirit:value spirit:resolve="generated" spirit:id="BUSIFPARAM_VALUE.AP_CLK.LAYERED_METADATA">xilinx.com:interface:datatypes:1.0 {CLK {datatype {name {attribs {resolve_type immediate dependency {} format string minimum {} maximum {}} value {}} bitwidth {attribs {resolve_type immediate dependency {} format long minimum {} maximum {}} value 1} bitoffset {attribs {resolve_type immediate dependency {} format long minimum {} maximum {}} value 0}}}}</spirit:value>
        </spirit:parameter>
      </spirit:parameters>
    </spirit:busInterface>
    <spirit:busInterface>
      <spirit:name>ap_rst</spirit:name>
      <spirit:busType spirit:vendor="xilinx.com" spirit:library="signal" spirit:name="reset" spirit:version="1.0"/>
      <spirit:abstractionType spirit:vendor="xilinx.com" spirit:library="signal" spirit:name="reset_rtl" spirit:version="1.0"/>
      <spirit:slave/>
      <spirit:portMaps>
        <spirit:portMap>
          <spirit:logicalPort>
            <spirit:name>RST</spirit:name>
          </spirit:logicalPort>
          <spirit:physicalPort>
            <spirit:name>ap_rst</spirit:name>
          </spirit:physicalPort>
        </spirit:portMap>
      </spirit:portMaps>
      <spirit:parameters>
        <spirit:parameter>
          <spirit:name>POLARITY</spirit:name>
          <spirit:value spirit:id="BUSIFPARAM_VALUE.AP_RST.POLARITY">ACTIVE_HIGH</spirit:value>
        </spirit:parameter>
        <spirit:parameter>
          <spirit:name>LAYERED_METADATA</spirit:name>
          <spirit:value spirit:resolve="generated" spirit:id="BUSIFPARAM_VALUE.AP_RST.LAYERED_METADATA">xilinx.com:interface:datatypes:1.0 {RST {datatype {name {attribs {resolve_type immediate dependency {} format string minimum {} maximum {}} value {}} bitwidth {attribs {resolve_type immediate dependency {} format long minimum {} maximum {}} value 1} bitoffset {attribs {resolve_type immediate dependency {} format long minimum {} maximum {}} value 0}}}}</spirit:value>
        </spirit:parameter>
      </spirit:parameters>
    </spirit:busInterface>
    <spirit:busInterface>
      <spirit:name>ap_ctrl</spirit:name>
      <spirit:busType spirit:vendor="xilinx.com" spirit:library="interface" spirit:name="acc_handshake" spirit:version="1.0"/>
      <spirit:abstractionType spirit:vendor="xilinx.com" spirit:library="interface" spirit:name="acc_handshake_rtl" spirit:version="1.0"/>
      <spirit:slave/>
      <spirit:portMaps>
        <spirit:portMap>
          <spirit:logicalPort>
            <spirit:name>start</spirit:name>
          </spirit:logicalPort>
          <spirit:physicalPort>
            <spirit:name>ap_start</spirit:name>
          </spirit:physicalPort>
        </spirit:portMap>
        <spirit:portMap>
          <spirit:logicalPort>
            <spirit:name>done</spirit:name>
          </spirit:logicalPort>
          <spirit:physicalPort>
            <spirit:name>ap_done</spirit:name>
          </spirit:physicalPort>
        </spirit:portMap>
        <spirit:portMap>
          <spirit:logicalPort>
            <spirit:name>idle</spirit:name>
          </spirit:logicalPort>
          <spirit:physicalPort>
            <spirit:name>ap_idle</spirit:name>
          </spirit:physicalPort>
        </spirit:portMap>
        <spirit:portMap>
          <spirit:logicalPort>
            <spirit:name>ready</spirit:name>
          </spirit:logicalPort>
          <spirit:physicalPort>
            <spirit:name>ap_ready</spirit:name>
          </spirit:physicalPort>
        </spirit:portMap>
      </spirit:portMaps>
      <spirit:parameters>
        <spirit:parameter>
          <spirit:name>LAYERED_METADATA</spirit:name>
          <spirit:value spirit:resolve="generated" spirit:id="BUSIFPARAM_VALUE.AP_CTRL.LAYERED_METADATA">xilinx.com:interface:datatypes:1.0 {start {datatype {name {attribs {resolve_type immediate dependency {} format string minimum {} maximum {}} value {}} bitwidth {attribs {resolve_type immediate dependency {} format long minimum {} maximum {}} value 1} bitoffset {attribs {resolve_type immediate dependency {} format long minimum {} maximum {}} value 0}}} done {datatype {name {attribs {resolve_type immediate dependency {} format string minimum {} maximum {}} value {}} bitwidth {attribs {resolve_type immediate dependency {} format long minimum {} maximum {}} value 1} bitoffset {attribs {resolve_type immediate dependency {} format long minimum {} maximum {}} value 0}}} idle {datatype {name {attribs {resolve_type immediate dependency {} format string minimum {} maximum {}} value {}} bitwidth {attribs {resolve_type immediate dependency {} format long minimum {} maximum {}} value 1} bitoffset {attribs {resolve_type immediate dependency {} format long minimum {} maximum {}} value 0}}} ready {datatype {name {attribs {resolve_type immediate dependency {} format string minimum {} maximum {}} value {}} bitwidth {attribs {resolve_type immediate dependency {} format long minimum {} maximum {}} value 1} bitoffset {attribs {resolve_type immediate dependency {} format long minimum {} maximum {}} value 0}}}}</spirit:value>
        </spirit:parameter>
      </spirit:parameters>
    </spirit:busInterface>
    <spirit:busInterface>
      <spirit:name>ap_return</spirit:name>
      <spirit:busType spirit:vendor="xilinx.com" spirit:library="signal" spirit:name="data" spirit:version="1.0"/>
      <spirit:abstractionType spirit:vendor="xilinx.com" spirit:library="signal" spirit:name="data_rtl" spirit:version="1.0"/>
      <spirit:master/>
      <spirit:portMaps>
        <spirit:portMap>
          <spirit:logicalPort>
            <spirit:name>DATA</spirit:name>
          </spirit:logicalPort>
          <spirit:physicalPort>
            <spirit:name>ap_return</spirit:name>
          </spirit:physicalPort>
        </spirit:portMap>
      </spirit:portMaps>
      <spirit:parameters>
        <spirit:parameter>
          <spirit:name>LAYERED_METADATA</spirit:name>
          <spirit:value spirit:resolve="generated" spirit:id="BUSIFPARAM_VALUE.AP_RETURN.LAYERED_METADATA">xilinx.com:interface:datatypes:1.0 {DATA {datatype {name {attribs {resolve_type immediate dependency {} format string minimum {} maximum {}} value {}} bitwidth {attribs {resolve_type immediate dependency {} format long minimum {} maximum {}} value 64} bitoffset {attribs {resolve_type immediate dependency {} format long minimum {} maximum {}} value 0} real {float {sigwidth {attribs {resolve_type immediate dependency {} format long minimum {} maximum {}} value 53}}}}}}</spirit:value>
        </spirit:parameter>
      </spirit:parameters>
    </spirit:busInterface>
    <spirit:busInterface>
      <spirit:name>size</spirit:name>
      <spirit:busType spirit:vendor="xilinx.com" spirit:library="signal" spirit:name="data" spirit:version="1.0"/>
      <spirit:abstractionType spirit:vendor="xilinx.com" spirit:library="signal" spirit:name="data_rtl" spirit:version="1.0"/>
      <spirit:slave/>
      <spirit:portMaps>
        <spirit:portMap>
          <spirit:logicalPort>
            <spirit:name>DATA</spirit:name>
          </spirit:logicalPort>
          <spirit:physicalPort>
            <spirit:name>size</spirit:name>
          </spirit:physicalPort>
        </spirit:portMap>
      </spirit:portMaps>
      <spirit:parameters>
        <spirit:parameter>
          <spirit:name>LAYERED_METADATA</spirit:name>
          <spirit:value spirit:resolve="generated" spirit:id="BUSIFPARAM_VALUE.SIZE.LAYERED_METADATA">xilinx.com:interface:datatypes:1.0 {DATA {datatype {name {attribs {resolve_type immediate dependency {} format string minimum {} maximum {}} value {}} bitwidth {attribs {resolve_type immediate dependency {} format long minimum {} maximum {}} value 32} bitoffset {attribs {resolve_type immediate dependency {} format long minimum {} maximum {}} value 0} integer {signed {attribs {resolve_type immediate dependency {} format bool minimum {} maximum {}} value true}}}}}</spirit:value>
        </spirit:parameter>
      </spirit:parameters>
    </spirit:busInterface>
    <spirit:busInterface>
      <spirit:name>length_r</spirit:name>
      <spirit:busType spirit:vendor="xilinx.com" spirit:library="signal" spirit:name="data" spirit:version="1.0"/>
      <spirit:abstractionType spirit:vendor="xilinx.com" spirit:library="signal" spirit:name="data_rtl" spirit:version="1.0"/>
      <spirit:slave/>
      <spirit:portMaps>
        <spirit:portMap>
          <spirit:logicalPort>
            <spirit:name>DATA</spirit:name>
          </spirit:logicalPort>
          <spirit:physicalPort>
            <spirit:name>length_r</spirit:name>
          </spirit:physicalPort>
        </spirit:portMap>
      </spirit:portMaps>
      <spirit:parameters>
        <spirit:parameter>
          <spirit:name>LAYERED_METADATA</spirit:name>
          <spirit:value spirit:resolve="generated" spirit:id="BUSIFPARAM_VALUE.LENGTH_R.LAYERED_METADATA">xilinx.com:interface:datatypes:1.0 {DATA {datatype {name {attribs {resolve_type immediate dependency {} format string minimum {} maximum {}} value {}} bitwidth {attribs {resolve_type immediate dependency {} format long minimum {} maximum {}} value 32} bitoffset {attribs {resolve_type immediate dependency {} format long minimum {} maximum {}} value 0} integer {signed {attribs {resolve_type immediate dependency {} format bool minimum {} maximum {}} value true}}}}}</spirit:value>
        </spirit:parameter>
      </spirit:parameters>
    </spirit:busInterface>
    <spirit:busInterface>
      <spirit:name>dataa_address0</spirit:name>
      <spirit:busType spirit:vendor="xilinx.com" spirit:library="signal" spirit:name="data" spirit:version="1.0"/>
      <spirit:abstractionType spirit:vendor="xilinx.com" spirit:library="signal" spirit:name="data_rtl" spirit:version="1.0"/>
      <spirit:master/>
      <spirit:portMaps>
        <spirit:portMap>
          <spirit:logicalPort>
            <spirit:name>DATA</spirit:name>
          </spirit:logicalPort>
          <spirit:physicalPort>
            <spirit:name>dataa_address0</spirit:name>
          </spirit:physicalPort>
        </spirit:portMap>
      </spirit:portMaps>
      <spirit:parameters>
        <spirit:parameter>
          <spirit:name>LAYERED_METADATA</spirit:name>
          <spirit:value spirit:resolve="generated" spirit:id="BUSIFPARAM_VALUE.DATAA_ADDRESS0.LAYERED_METADATA">xilinx.com:interface:datatypes:1.0 {DATA {datatype {name {attribs {resolve_type immediate dependency {} format string minimum {} maximum {}} value {}} bitwidth {attribs {resolve_type immediate dependency {} format long minimum {} maximum {}} value 7} bitoffset {attribs {resolve_type immediate dependency {} format long minimum {} maximum {}} value 0}}}}</spirit:value>
        </spirit:parameter>
      </spirit:parameters>
    </spirit:busInterface>
    <spirit:busInterface>
      <spirit:name>dataa_d0</spirit:name>
      <spirit:busType spirit:vendor="xilinx.com" spirit:library="signal" spirit:name="data" spirit:version="1.0"/>
      <spirit:abstractionType spirit:vendor="xilinx.com" spirit:library="signal" spirit:name="data_rtl" spirit:version="1.0"/>
      <spirit:master/>
      <spirit:portMaps>
        <spirit:portMap>
          <spirit:logicalPort>
            <spirit:name>DATA</spirit:name>
          </spirit:logicalPort>
          <spirit:physicalPort>
            <spirit:name>dataa_d0</spirit:name>
          </spirit:physicalPort>
        </spirit:portMap>
      </spirit:portMaps>
      <spirit:parameters>
        <spirit:parameter>
          <spirit:name>LAYERED_METADATA</spirit:name>
          <spirit:value spirit:resolve="generated" spirit:id="BUSIFPARAM_VALUE.DATAA_D0.LAYERED_METADATA">xilinx.com:interface:datatypes:1.0 {DATA {datatype {name {attribs {resolve_type immediate dependency {} format string minimum {} maximum {}} value {}} bitwidth {attribs {resolve_type immediate dependency {} format long minimum {} maximum {}} value 64} bitoffset {attribs {resolve_type immediate dependency {} format long minimum {} maximum {}} value 0} real {float {sigwidth {attribs {resolve_type immediate dependency {} format long minimum {} maximum {}} value 53}}}}}}</spirit:value>
        </spirit:parameter>
      </spirit:parameters>
    </spirit:busInterface>
    <spirit:busInterface>
      <spirit:name>dataa_q0</spirit:name>
      <spirit:busType spirit:vendor="xilinx.com" spirit:library="signal" spirit:name="data" spirit:version="1.0"/>
      <spirit:abstractionType spirit:vendor="xilinx.com" spirit:library="signal" spirit:name="data_rtl" spirit:version="1.0"/>
      <spirit:slave/>
      <spirit:portMaps>
        <spirit:portMap>
          <spirit:logicalPort>
            <spirit:name>DATA</spirit:name>
          </spirit:logicalPort>
          <spirit:physicalPort>
            <spirit:name>dataa_q0</spirit:name>
          </spirit:physicalPort>
        </spirit:portMap>
      </spirit:portMaps>
      <spirit:parameters>
        <spirit:parameter>
          <spirit:name>LAYERED_METADATA</spirit:name>
          <spirit:value spirit:resolve="generated" spirit:id="BUSIFPARAM_VALUE.DATAA_Q0.LAYERED_METADATA">xilinx.com:interface:datatypes:1.0 {DATA {datatype {name {attribs {resolve_type immediate dependency {} format string minimum {} maximum {}} value {}} bitwidth {attribs {resolve_type immediate dependency {} format long minimum {} maximum {}} value 64} bitoffset {attribs {resolve_type immediate dependency {} format long minimum {} maximum {}} value 0} real {float {sigwidth {attribs {resolve_type immediate dependency {} format long minimum {} maximum {}} value 53}}}}}}</spirit:value>
        </spirit:parameter>
      </spirit:parameters>
    </spirit:busInterface>
    <spirit:busInterface>
      <spirit:name>dataa_address1</spirit:name>
      <spirit:busType spirit:vendor="xilinx.com" spirit:library="signal" spirit:name="data" spirit:version="1.0"/>
      <spirit:abstractionType spirit:vendor="xilinx.com" spirit:library="signal" spirit:name="data_rtl" spirit:version="1.0"/>
      <spirit:master/>
      <spirit:portMaps>
        <spirit:portMap>
          <spirit:logicalPort>
            <spirit:name>DATA</spirit:name>
          </spirit:logicalPort>
          <spirit:physicalPort>
            <spirit:name>dataa_address1</spirit:name>
          </spirit:physicalPort>
        </spirit:portMap>
      </spirit:portMaps>
      <spirit:parameters>
        <spirit:parameter>
          <spirit:name>LAYERED_METADATA</spirit:name>
          <spirit:value spirit:resolve="generated" spirit:id="BUSIFPARAM_VALUE.DATAA_ADDRESS1.LAYERED_METADATA">xilinx.com:interface:datatypes:1.0 {DATA {datatype {name {attribs {resolve_type immediate dependency {} format string minimum {} maximum {}} value {}} bitwidth {attribs {resolve_type immediate dependency {} format long minimum {} maximum {}} value 7} bitoffset {attribs {resolve_type immediate dependency {} format long minimum {} maximum {}} value 0}}}}</spirit:value>
        </spirit:parameter>
      </spirit:parameters>
    </spirit:busInterface>
    <spirit:busInterface>
      <spirit:name>dataa_q1</spirit:name>
      <spirit:busType spirit:vendor="xilinx.com" spirit:library="signal" spirit:name="data" spirit:version="1.0"/>
      <spirit:abstractionType spirit:vendor="xilinx.com" spirit:library="signal" spirit:name="data_rtl" spirit:version="1.0"/>
      <spirit:slave/>
      <spirit:portMaps>
        <spirit:portMap>
          <spirit:logicalPort>
            <spirit:name>DATA</spirit:name>
          </spirit:logicalPort>
          <spirit:physicalPort>
            <spirit:name>dataa_q1</spirit:name>
          </spirit:physicalPort>
        </spirit:portMap>
      </spirit:portMaps>
      <spirit:parameters>
        <spirit:parameter>
          <spirit:name>LAYERED_METADATA</spirit:name>
          <spirit:value spirit:resolve="generated" spirit:id="BUSIFPARAM_VALUE.DATAA_Q1.LAYERED_METADATA">xilinx.com:interface:datatypes:1.0 {DATA {datatype {name {attribs {resolve_type immediate dependency {} format string minimum {} maximum {}} value {}} bitwidth {attribs {resolve_type immediate dependency {} format long minimum {} maximum {}} value 64} bitoffset {attribs {resolve_type immediate dependency {} format long minimum {} maximum {}} value 0} real {float {sigwidth {attribs {resolve_type immediate dependency {} format long minimum {} maximum {}} value 53}}}}}}</spirit:value>
        </spirit:parameter>
      </spirit:parameters>
    </spirit:busInterface>
    <spirit:busInterface>
      <spirit:name>datac_address0</spirit:name>
      <spirit:busType spirit:vendor="xilinx.com" spirit:library="signal" spirit:name="data" spirit:version="1.0"/>
      <spirit:abstractionType spirit:vendor="xilinx.com" spirit:library="signal" spirit:name="data_rtl" spirit:version="1.0"/>
      <spirit:master/>
      <spirit:portMaps>
        <spirit:portMap>
          <spirit:logicalPort>
            <spirit:name>DATA</spirit:name>
          </spirit:logicalPort>
          <spirit:physicalPort>
            <spirit:name>datac_address0</spirit:name>
          </spirit:physicalPort>
        </spirit:portMap>
      </spirit:portMaps>
      <spirit:parameters>
        <spirit:parameter>
          <spirit:name>LAYERED_METADATA</spirit:name>
          <spirit:value spirit:resolve="generated" spirit:id="BUSIFPARAM_VALUE.DATAC_ADDRESS0.LAYERED_METADATA">xilinx.com:interface:datatypes:1.0 {DATA {datatype {name {attribs {resolve_type immediate dependency {} format string minimum {} maximum {}} value {}} bitwidth {attribs {resolve_type immediate dependency {} format long minimum {} maximum {}} value 7} bitoffset {attribs {resolve_type immediate dependency {} format long minimum {} maximum {}} value 0}}}}</spirit:value>
        </spirit:parameter>
      </spirit:parameters>
    </spirit:busInterface>
    <spirit:busInterface>
      <spirit:name>datac_d0</spirit:name>
      <spirit:busType spirit:vendor="xilinx.com" spirit:library="signal" spirit:name="data" spirit:version="1.0"/>
      <spirit:abstractionType spirit:vendor="xilinx.com" spirit:library="signal" spirit:name="data_rtl" spirit:version="1.0"/>
      <spirit:master/>
      <spirit:portMaps>
        <spirit:portMap>
          <spirit:logicalPort>
            <spirit:name>DATA</spirit:name>
          </spirit:logicalPort>
          <spirit:physicalPort>
            <spirit:name>datac_d0</spirit:name>
          </spirit:physicalPort>
        </spirit:portMap>
      </spirit:portMaps>
      <spirit:parameters>
        <spirit:parameter>
          <spirit:name>LAYERED_METADATA</spirit:name>
          <spirit:value spirit:resolve="generated" spirit:id="BUSIFPARAM_VALUE.DATAC_D0.LAYERED_METADATA">xilinx.com:interface:datatypes:1.0 {DATA {datatype {name {attribs {resolve_type immediate dependency {} format string minimum {} maximum {}} value {}} bitwidth {attribs {resolve_type immediate dependency {} format long minimum {} maximum {}} value 64} bitoffset {attribs {resolve_type immediate dependency {} format long minimum {} maximum {}} value 0} real {float {sigwidth {attribs {resolve_type immediate dependency {} format long minimum {} maximum {}} value 53}}}}}}</spirit:value>
        </spirit:parameter>
      </spirit:parameters>
    </spirit:busInterface>
    <spirit:busInterface>
      <spirit:name>datac_q0</spirit:name>
      <spirit:busType spirit:vendor="xilinx.com" spirit:library="signal" spirit:name="data" spirit:version="1.0"/>
      <spirit:abstractionType spirit:vendor="xilinx.com" spirit:library="signal" spirit:name="data_rtl" spirit:version="1.0"/>
      <spirit:slave/>
      <spirit:portMaps>
        <spirit:portMap>
          <spirit:logicalPort>
            <spirit:name>DATA</spirit:name>
          </spirit:logicalPort>
          <spirit:physicalPort>
            <spirit:name>datac_q0</spirit:name>
          </spirit:physicalPort>
        </spirit:portMap>
      </spirit:portMaps>
      <spirit:parameters>
        <spirit:parameter>
          <spirit:name>LAYERED_METADATA</spirit:name>
          <spirit:value spirit:resolve="generated" spirit:id="BUSIFPARAM_VALUE.DATAC_Q0.LAYERED_METADATA">xilinx.com:interface:datatypes:1.0 {DATA {datatype {name {attribs {resolve_type immediate dependency {} format string minimum {} maximum {}} value {}} bitwidth {attribs {resolve_type immediate dependency {} format long minimum {} maximum {}} value 64} bitoffset {attribs {resolve_type immediate dependency {} format long minimum {} maximum {}} value 0} real {float {sigwidth {attribs {resolve_type immediate dependency {} format long minimum {} maximum {}} value 53}}}}}}</spirit:value>
        </spirit:parameter>
      </spirit:parameters>
    </spirit:busInterface>
    <spirit:busInterface>
      <spirit:name>datac_address1</spirit:name>
      <spirit:busType spirit:vendor="xilinx.com" spirit:library="signal" spirit:name="data" spirit:version="1.0"/>
      <spirit:abstractionType spirit:vendor="xilinx.com" spirit:library="signal" spirit:name="data_rtl" spirit:version="1.0"/>
      <spirit:master/>
      <spirit:portMaps>
        <spirit:portMap>
          <spirit:logicalPort>
            <spirit:name>DATA</spirit:name>
          </spirit:logicalPort>
          <spirit:physicalPort>
            <spirit:name>datac_address1</spirit:name>
          </spirit:physicalPort>
        </spirit:portMap>
      </spirit:portMaps>
      <spirit:parameters>
        <spirit:parameter>
          <spirit:name>LAYERED_METADATA</spirit:name>
          <spirit:value spirit:resolve="generated" spirit:id="BUSIFPARAM_VALUE.DATAC_ADDRESS1.LAYERED_METADATA">xilinx.com:interface:datatypes:1.0 {DATA {datatype {name {attribs {resolve_type immediate dependency {} format string minimum {} maximum {}} value {}} bitwidth {attribs {resolve_type immediate dependency {} format long minimum {} maximum {}} value 7} bitoffset {attribs {resolve_type immediate dependency {} format long minimum {} maximum {}} value 0}}}}</spirit:value>
        </spirit:parameter>
      </spirit:parameters>
    </spirit:busInterface>
    <spirit:busInterface>
      <spirit:name>datac_q1</spirit:name>
      <spirit:busType spirit:vendor="xilinx.com" spirit:library="signal" spirit:name="data" spirit:version="1.0"/>
      <spirit:abstractionType spirit:vendor="xilinx.com" spirit:library="signal" spirit:name="data_rtl" spirit:version="1.0"/>
      <spirit:slave/>
      <spirit:portMaps>
        <spirit:portMap>
          <spirit:logicalPort>
            <spirit:name>DATA</spirit:name>
          </spirit:logicalPort>
          <spirit:physicalPort>
            <spirit:name>datac_q1</spirit:name>
          </spirit:physicalPort>
        </spirit:portMap>
      </spirit:portMaps>
      <spirit:parameters>
        <spirit:parameter>
          <spirit:name>LAYERED_METADATA</spirit:name>
          <spirit:value spirit:resolve="generated" spirit:id="BUSIFPARAM_VALUE.DATAC_Q1.LAYERED_METADATA">xilinx.com:interface:datatypes:1.0 {DATA {datatype {name {attribs {resolve_type immediate dependency {} format string minimum {} maximum {}} value {}} bitwidth {attribs {resolve_type immediate dependency {} format long minimum {} maximum {}} value 64} bitoffset {attribs {resolve_type immediate dependency {} format long minimum {} maximum {}} value 0} real {float {sigwidth {attribs {resolve_type immediate dependency {} format long minimum {} maximum {}} value 53}}}}}}</spirit:value>
        </spirit:parameter>
      </spirit:parameters>
    </spirit:busInterface>
    <spirit:busInterface>
      <spirit:name>datag_address0</spirit:name>
      <spirit:busType spirit:vendor="xilinx.com" spirit:library="signal" spirit:name="data" spirit:version="1.0"/>
      <spirit:abstractionType spirit:vendor="xilinx.com" spirit:library="signal" spirit:name="data_rtl" spirit:version="1.0"/>
      <spirit:master/>
      <spirit:portMaps>
        <spirit:portMap>
          <spirit:logicalPort>
            <spirit:name>DATA</spirit:name>
          </spirit:logicalPort>
          <spirit:physicalPort>
            <spirit:name>datag_address0</spirit:name>
          </spirit:physicalPort>
        </spirit:portMap>
      </spirit:portMaps>
      <spirit:parameters>
        <spirit:parameter>
          <spirit:name>LAYERED_METADATA</spirit:name>
          <spirit:value spirit:resolve="generated" spirit:id="BUSIFPARAM_VALUE.DATAG_ADDRESS0.LAYERED_METADATA">xilinx.com:interface:datatypes:1.0 {DATA {datatype {name {attribs {resolve_type immediate dependency {} format string minimum {} maximum {}} value {}} bitwidth {attribs {resolve_type immediate dependency {} format long minimum {} maximum {}} value 7} bitoffset {attribs {resolve_type immediate dependency {} format long minimum {} maximum {}} value 0}}}}</spirit:value>
        </spirit:parameter>
      </spirit:parameters>
    </spirit:busInterface>
    <spirit:busInterface>
      <spirit:name>datag_d0</spirit:name>
      <spirit:busType spirit:vendor="xilinx.com" spirit:library="signal" spirit:name="data" spirit:version="1.0"/>
      <spirit:abstractionType spirit:vendor="xilinx.com" spirit:library="signal" spirit:name="data_rtl" spirit:version="1.0"/>
      <spirit:master/>
      <spirit:portMaps>
        <spirit:portMap>
          <spirit:logicalPort>
            <spirit:name>DATA</spirit:name>
          </spirit:logicalPort>
          <spirit:physicalPort>
            <spirit:name>datag_d0</spirit:name>
          </spirit:physicalPort>
        </spirit:portMap>
      </spirit:portMaps>
      <spirit:parameters>
        <spirit:parameter>
          <spirit:name>LAYERED_METADATA</spirit:name>
          <spirit:value spirit:resolve="generated" spirit:id="BUSIFPARAM_VALUE.DATAG_D0.LAYERED_METADATA">xilinx.com:interface:datatypes:1.0 {DATA {datatype {name {attribs {resolve_type immediate dependency {} format string minimum {} maximum {}} value {}} bitwidth {attribs {resolve_type immediate dependency {} format long minimum {} maximum {}} value 64} bitoffset {attribs {resolve_type immediate dependency {} format long minimum {} maximum {}} value 0} real {float {sigwidth {attribs {resolve_type immediate dependency {} format long minimum {} maximum {}} value 53}}}}}}</spirit:value>
        </spirit:parameter>
      </spirit:parameters>
    </spirit:busInterface>
    <spirit:busInterface>
      <spirit:name>datag_q0</spirit:name>
      <spirit:busType spirit:vendor="xilinx.com" spirit:library="signal" spirit:name="data" spirit:version="1.0"/>
      <spirit:abstractionType spirit:vendor="xilinx.com" spirit:library="signal" spirit:name="data_rtl" spirit:version="1.0"/>
      <spirit:slave/>
      <spirit:portMaps>
        <spirit:portMap>
          <spirit:logicalPort>
            <spirit:name>DATA</spirit:name>
          </spirit:logicalPort>
          <spirit:physicalPort>
            <spirit:name>datag_q0</spirit:name>
          </spirit:physicalPort>
        </spirit:portMap>
      </spirit:portMaps>
      <spirit:parameters>
        <spirit:parameter>
          <spirit:name>LAYERED_METADATA</spirit:name>
          <spirit:value spirit:resolve="generated" spirit:id="BUSIFPARAM_VALUE.DATAG_Q0.LAYERED_METADATA">xilinx.com:interface:datatypes:1.0 {DATA {datatype {name {attribs {resolve_type immediate dependency {} format string minimum {} maximum {}} value {}} bitwidth {attribs {resolve_type immediate dependency {} format long minimum {} maximum {}} value 64} bitoffset {attribs {resolve_type immediate dependency {} format long minimum {} maximum {}} value 0} real {float {sigwidth {attribs {resolve_type immediate dependency {} format long minimum {} maximum {}} value 53}}}}}}</spirit:value>
        </spirit:parameter>
      </spirit:parameters>
    </spirit:busInterface>
    <spirit:busInterface>
      <spirit:name>datag_address1</spirit:name>
      <spirit:busType spirit:vendor="xilinx.com" spirit:library="signal" spirit:name="data" spirit:version="1.0"/>
      <spirit:abstractionType spirit:vendor="xilinx.com" spirit:library="signal" spirit:name="data_rtl" spirit:version="1.0"/>
      <spirit:master/>
      <spirit:portMaps>
        <spirit:portMap>
          <spirit:logicalPort>
            <spirit:name>DATA</spirit:name>
          </spirit:logicalPort>
          <spirit:physicalPort>
            <spirit:name>datag_address1</spirit:name>
          </spirit:physicalPort>
        </spirit:portMap>
      </spirit:portMaps>
      <spirit:parameters>
        <spirit:parameter>
          <spirit:name>LAYERED_METADATA</spirit:name>
          <spirit:value spirit:resolve="generated" spirit:id="BUSIFPARAM_VALUE.DATAG_ADDRESS1.LAYERED_METADATA">xilinx.com:interface:datatypes:1.0 {DATA {datatype {name {attribs {resolve_type immediate dependency {} format string minimum {} maximum {}} value {}} bitwidth {attribs {resolve_type immediate dependency {} format long minimum {} maximum {}} value 7} bitoffset {attribs {resolve_type immediate dependency {} format long minimum {} maximum {}} value 0}}}}</spirit:value>
        </spirit:parameter>
      </spirit:parameters>
    </spirit:busInterface>
    <spirit:busInterface>
      <spirit:name>datag_q1</spirit:name>
      <spirit:busType spirit:vendor="xilinx.com" spirit:library="signal" spirit:name="data" spirit:version="1.0"/>
      <spirit:abstractionType spirit:vendor="xilinx.com" spirit:library="signal" spirit:name="data_rtl" spirit:version="1.0"/>
      <spirit:slave/>
      <spirit:portMaps>
        <spirit:portMap>
          <spirit:logicalPort>
            <spirit:name>DATA</spirit:name>
          </spirit:logicalPort>
          <spirit:physicalPort>
            <spirit:name>datag_q1</spirit:name>
          </spirit:physicalPort>
        </spirit:portMap>
      </spirit:portMaps>
      <spirit:parameters>
        <spirit:parameter>
          <spirit:name>LAYERED_METADATA</spirit:name>
          <spirit:value spirit:resolve="generated" spirit:id="BUSIFPARAM_VALUE.DATAG_Q1.LAYERED_METADATA">xilinx.com:interface:datatypes:1.0 {DATA {datatype {name {attribs {resolve_type immediate dependency {} format string minimum {} maximum {}} value {}} bitwidth {attribs {resolve_type immediate dependency {} format long minimum {} maximum {}} value 64} bitoffset {attribs {resolve_type immediate dependency {} format long minimum {} maximum {}} value 0} real {float {sigwidth {attribs {resolve_type immediate dependency {} format long minimum {} maximum {}} value 53}}}}}}</spirit:value>
        </spirit:parameter>
      </spirit:parameters>
    </spirit:busInterface>
    <spirit:busInterface>
      <spirit:name>datat_address0</spirit:name>
      <spirit:busType spirit:vendor="xilinx.com" spirit:library="signal" spirit:name="data" spirit:version="1.0"/>
      <spirit:abstractionType spirit:vendor="xilinx.com" spirit:library="signal" spirit:name="data_rtl" spirit:version="1.0"/>
      <spirit:master/>
      <spirit:portMaps>
        <spirit:portMap>
          <spirit:logicalPort>
            <spirit:name>DATA</spirit:name>
          </spirit:logicalPort>
          <spirit:physicalPort>
            <spirit:name>datat_address0</spirit:name>
          </spirit:physicalPort>
        </spirit:portMap>
      </spirit:portMaps>
      <spirit:parameters>
        <spirit:parameter>
          <spirit:name>LAYERED_METADATA</spirit:name>
          <spirit:value spirit:resolve="generated" spirit:id="BUSIFPARAM_VALUE.DATAT_ADDRESS0.LAYERED_METADATA">xilinx.com:interface:datatypes:1.0 {DATA {datatype {name {attribs {resolve_type immediate dependency {} format string minimum {} maximum {}} value {}} bitwidth {attribs {resolve_type immediate dependency {} format long minimum {} maximum {}} value 7} bitoffset {attribs {resolve_type immediate dependency {} format long minimum {} maximum {}} value 0}}}}</spirit:value>
        </spirit:parameter>
      </spirit:parameters>
    </spirit:busInterface>
    <spirit:busInterface>
      <spirit:name>datat_d0</spirit:name>
      <spirit:busType spirit:vendor="xilinx.com" spirit:library="signal" spirit:name="data" spirit:version="1.0"/>
      <spirit:abstractionType spirit:vendor="xilinx.com" spirit:library="signal" spirit:name="data_rtl" spirit:version="1.0"/>
      <spirit:master/>
      <spirit:portMaps>
        <spirit:portMap>
          <spirit:logicalPort>
            <spirit:name>DATA</spirit:name>
          </spirit:logicalPort>
          <spirit:physicalPort>
            <spirit:name>datat_d0</spirit:name>
          </spirit:physicalPort>
        </spirit:portMap>
      </spirit:portMaps>
      <spirit:parameters>
        <spirit:parameter>
          <spirit:name>LAYERED_METADATA</spirit:name>
          <spirit:value spirit:resolve="generated" spirit:id="BUSIFPARAM_VALUE.DATAT_D0.LAYERED_METADATA">xilinx.com:interface:datatypes:1.0 {DATA {datatype {name {attribs {resolve_type immediate dependency {} format string minimum {} maximum {}} value {}} bitwidth {attribs {resolve_type immediate dependency {} format long minimum {} maximum {}} value 64} bitoffset {attribs {resolve_type immediate dependency {} format long minimum {} maximum {}} value 0} real {float {sigwidth {attribs {resolve_type immediate dependency {} format long minimum {} maximum {}} value 53}}}}}}</spirit:value>
        </spirit:parameter>
      </spirit:parameters>
    </spirit:busInterface>
    <spirit:busInterface>
      <spirit:name>datat_q0</spirit:name>
      <spirit:busType spirit:vendor="xilinx.com" spirit:library="signal" spirit:name="data" spirit:version="1.0"/>
      <spirit:abstractionType spirit:vendor="xilinx.com" spirit:library="signal" spirit:name="data_rtl" spirit:version="1.0"/>
      <spirit:slave/>
      <spirit:portMaps>
        <spirit:portMap>
          <spirit:logicalPort>
            <spirit:name>DATA</spirit:name>
          </spirit:logicalPort>
          <spirit:physicalPort>
            <spirit:name>datat_q0</spirit:name>
          </spirit:physicalPort>
        </spirit:portMap>
      </spirit:portMaps>
      <spirit:parameters>
        <spirit:parameter>
          <spirit:name>LAYERED_METADATA</spirit:name>
          <spirit:value spirit:resolve="generated" spirit:id="BUSIFPARAM_VALUE.DATAT_Q0.LAYERED_METADATA">xilinx.com:interface:datatypes:1.0 {DATA {datatype {name {attribs {resolve_type immediate dependency {} format string minimum {} maximum {}} value {}} bitwidth {attribs {resolve_type immediate dependency {} format long minimum {} maximum {}} value 64} bitoffset {attribs {resolve_type immediate dependency {} format long minimum {} maximum {}} value 0} real {float {sigwidth {attribs {resolve_type immediate dependency {} format long minimum {} maximum {}} value 53}}}}}}</spirit:value>
        </spirit:parameter>
      </spirit:parameters>
    </spirit:busInterface>
    <spirit:busInterface>
      <spirit:name>datat_address1</spirit:name>
      <spirit:busType spirit:vendor="xilinx.com" spirit:library="signal" spirit:name="data" spirit:version="1.0"/>
      <spirit:abstractionType spirit:vendor="xilinx.com" spirit:library="signal" spirit:name="data_rtl" spirit:version="1.0"/>
      <spirit:master/>
      <spirit:portMaps>
        <spirit:portMap>
          <spirit:logicalPort>
            <spirit:name>DATA</spirit:name>
          </spirit:logicalPort>
          <spirit:physicalPort>
            <spirit:name>datat_address1</spirit:name>
          </spirit:physicalPort>
        </spirit:portMap>
      </spirit:portMaps>
      <spirit:parameters>
        <spirit:parameter>
          <spirit:name>LAYERED_METADATA</spirit:name>
          <spirit:value spirit:resolve="generated" spirit:id="BUSIFPARAM_VALUE.DATAT_ADDRESS1.LAYERED_METADATA">xilinx.com:interface:datatypes:1.0 {DATA {datatype {name {attribs {resolve_type immediate dependency {} format string minimum {} maximum {}} value {}} bitwidth {attribs {resolve_type immediate dependency {} format long minimum {} maximum {}} value 7} bitoffset {attribs {resolve_type immediate dependency {} format long minimum {} maximum {}} value 0}}}}</spirit:value>
        </spirit:parameter>
      </spirit:parameters>
    </spirit:busInterface>
    <spirit:busInterface>
      <spirit:name>datat_q1</spirit:name>
      <spirit:busType spirit:vendor="xilinx.com" spirit:library="signal" spirit:name="data" spirit:version="1.0"/>
      <spirit:abstractionType spirit:vendor="xilinx.com" spirit:library="signal" spirit:name="data_rtl" spirit:version="1.0"/>
      <spirit:slave/>
      <spirit:portMaps>
        <spirit:portMap>
          <spirit:logicalPort>
            <spirit:name>DATA</spirit:name>
          </spirit:logicalPort>
          <spirit:physicalPort>
            <spirit:name>datat_q1</spirit:name>
          </spirit:physicalPort>
        </spirit:portMap>
      </spirit:portMaps>
      <spirit:parameters>
        <spirit:parameter>
          <spirit:name>LAYERED_METADATA</spirit:name>
          <spirit:value spirit:resolve="generated" spirit:id="BUSIFPARAM_VALUE.DATAT_Q1.LAYERED_METADATA">xilinx.com:interface:datatypes:1.0 {DATA {datatype {name {attribs {resolve_type immediate dependency {} format string minimum {} maximum {}} value {}} bitwidth {attribs {resolve_type immediate dependency {} format long minimum {} maximum {}} value 64} bitoffset {attribs {resolve_type immediate dependency {} format long minimum {} maximum {}} value 0} real {float {sigwidth {attribs {resolve_type immediate dependency {} format long minimum {} maximum {}} value 53}}}}}}</spirit:value>
        </spirit:parameter>
      </spirit:parameters>
    </spirit:busInterface>
  </spirit:busInterfaces>
  <spirit:model>
    <spirit:views>
      <spirit:view>
        <spirit:name>xilinx_verilogsynthesis</spirit:name>
        <spirit:displayName>Verilog Synthesis</spirit:displayName>
        <spirit:envIdentifier>verilogSource:vivado.xilinx.com:synthesis</spirit:envIdentifier>
        <spirit:language>verilog</spirit:language>
        <spirit:modelName>compute</spirit:modelName>
        <spirit:fileSetRef>
          <spirit:localName>xilinx_verilogsynthesis_xilinx_com_ip_floating_point_7_1__ref_view_fileset</spirit:localName>
        </spirit:fileSetRef>
        <spirit:fileSetRef>
          <spirit:localName>xilinx_verilogsynthesis_view_fileset</spirit:localName>
        </spirit:fileSetRef>
      </spirit:view>
      <spirit:view>
        <spirit:name>xilinx_verilogbehavioralsimulation</spirit:name>
        <spirit:displayName>Verilog Simulation</spirit:displayName>
        <spirit:envIdentifier>verilogSource:vivado.xilinx.com:simulation</spirit:envIdentifier>
        <spirit:language>verilog</spirit:language>
        <spirit:modelName>compute</spirit:modelName>
        <spirit:fileSetRef>
          <spirit:localName>xilinx_verilogbehavioralsimulation_xilinx_com_ip_floating_point_7_1__ref_view_fileset</spirit:localName>
        </spirit:fileSetRef>
        <spirit:fileSetRef>
          <spirit:localName>xilinx_verilogbehavioralsimulation_view_fileset</spirit:localName>
        </spirit:fileSetRef>
      </spirit:view>
      <spirit:view>
        <spirit:name>xilinx_vhdlsynthesis</spirit:name>
        <spirit:displayName>VHDL Synthesis</spirit:displayName>
        <spirit:envIdentifier>vhdlSource:vivado.xilinx.com:synthesis</spirit:envIdentifier>
        <spirit:language>vhdl</spirit:language>
        <spirit:modelName>compute</spirit:modelName>
        <spirit:fileSetRef>
          <spirit:localName>xilinx_vhdlsynthesis_xilinx_com_ip_floating_point_7_1__ref_view_fileset</spirit:localName>
        </spirit:fileSetRef>
        <spirit:fileSetRef>
          <spirit:localName>xilinx_vhdlsynthesis_view_fileset</spirit:localName>
        </spirit:fileSetRef>
      </spirit:view>
      <spirit:view>
        <spirit:name>xilinx_vhdlbehavioralsimulation</spirit:name>
        <spirit:displayName>VHDL Simulation</spirit:displayName>
        <spirit:envIdentifier>vhdlSource:vivado.xilinx.com:simulation</spirit:envIdentifier>
        <spirit:language>vhdl</spirit:language>
        <spirit:modelName>compute</spirit:modelName>
        <spirit:fileSetRef>
          <spirit:localName>xilinx_vhdlbehavioralsimulation_xilinx_com_ip_floating_point_7_1__ref_view_fileset</spirit:localName>
        </spirit:fileSetRef>
        <spirit:fileSetRef>
          <spirit:localName>xilinx_vhdlbehavioralsimulation_view_fileset</spirit:localName>
        </spirit:fileSetRef>
      </spirit:view>
      <spirit:view>
        <spirit:name>xilinx_documentation</spirit:name>
        <spirit:displayName>Documentation</spirit:displayName>
        <spirit:envIdentifier>:vivado.xilinx.com:docs.all</spirit:envIdentifier>
        <spirit:fileSetRef>
          <spirit:localName>xilinx_documentation_view_fileset</spirit:localName>
        </spirit:fileSetRef>
      </spirit:view>
      <spirit:view>
        <spirit:name>xilinx_miscfiles</spirit:name>
        <spirit:displayName>Miscellaneous</spirit:displayName>
        <spirit:envIdentifier>:vivado.xilinx.com:misc.files</spirit:envIdentifier>
        <spirit:fileSetRef>
          <spirit:localName>xilinx_miscfiles_view_fileset</spirit:localName>
        </spirit:fileSetRef>
      </spirit:view>
      <spirit:view>
        <spirit:name>xilinx_xpgui</spirit:name>
        <spirit:displayName>UI Layout</spirit:displayName>
        <spirit:envIdentifier>:vivado.xilinx.com:xgui.ui</spirit:envIdentifier>
        <spirit:fileSetRef>
          <spirit:localName>xilinx_xpgui_view_fileset</spirit:localName>
        </spirit:fileSetRef>
      </spirit:view>
      <spirit:view>
        <spirit:name>xilinx_utilityxitfiles</spirit:name>
        <spirit:displayName>Utility XIT/TTCL</spirit:displayName>
        <spirit:envIdentifier>:vivado.xilinx.com:xit.util</spirit:envIdentifier>
        <spirit:fileSetRef>
          <spirit:localName>xilinx_utilityxitfiles_view_fileset</spirit:localName>
        </spirit:fileSetRef>
      </spirit:view>
    </spirit:views>
    <spirit:ports>
      <spirit:port>
        <spirit:name>dataa_ce0</spirit:name>
        <spirit:wire>
          <spirit:direction>out</spirit:direction>
          <spirit:wireTypeDefs>
            <spirit:wireTypeDef>
              <spirit:typeName>STD_LOGIC</spirit:typeName>
              <spirit:viewNameRef>xilinx_verilogsynthesis</spirit:viewNameRef>
              <spirit:viewNameRef>xilinx_verilogbehavioralsimulation</spirit:viewNameRef>
            </spirit:wireTypeDef>
          </spirit:wireTypeDefs>
        </spirit:wire>
      </spirit:port>
      <spirit:port>
        <spirit:name>dataa_we0</spirit:name>
        <spirit:wire>
          <spirit:direction>out</spirit:direction>
          <spirit:wireTypeDefs>
            <spirit:wireTypeDef>
              <spirit:typeName>STD_LOGIC</spirit:typeName>
              <spirit:viewNameRef>xilinx_verilogsynthesis</spirit:viewNameRef>
              <spirit:viewNameRef>xilinx_verilogbehavioralsimulation</spirit:viewNameRef>
            </spirit:wireTypeDef>
          </spirit:wireTypeDefs>
        </spirit:wire>
      </spirit:port>
      <spirit:port>
        <spirit:name>dataa_ce1</spirit:name>
        <spirit:wire>
          <spirit:direction>out</spirit:direction>
          <spirit:wireTypeDefs>
            <spirit:wireTypeDef>
              <spirit:typeName>STD_LOGIC</spirit:typeName>
              <spirit:viewNameRef>xilinx_verilogsynthesis</spirit:viewNameRef>
              <spirit:viewNameRef>xilinx_verilogbehavioralsimulation</spirit:viewNameRef>
            </spirit:wireTypeDef>
          </spirit:wireTypeDefs>
        </spirit:wire>
      </spirit:port>
      <spirit:port>
        <spirit:name>datac_ce0</spirit:name>
        <spirit:wire>
          <spirit:direction>out</spirit:direction>
          <spirit:wireTypeDefs>
            <spirit:wireTypeDef>
              <spirit:typeName>STD_LOGIC</spirit:typeName>
              <spirit:viewNameRef>xilinx_verilogsynthesis</spirit:viewNameRef>
              <spirit:viewNameRef>xilinx_verilogbehavioralsimulation</spirit:viewNameRef>
            </spirit:wireTypeDef>
          </spirit:wireTypeDefs>
        </spirit:wire>
      </spirit:port>
      <spirit:port>
        <spirit:name>datac_we0</spirit:name>
        <spirit:wire>
          <spirit:direction>out</spirit:direction>
          <spirit:wireTypeDefs>
            <spirit:wireTypeDef>
              <spirit:typeName>STD_LOGIC</spirit:typeName>
              <spirit:viewNameRef>xilinx_verilogsynthesis</spirit:viewNameRef>
              <spirit:viewNameRef>xilinx_verilogbehavioralsimulation</spirit:viewNameRef>
            </spirit:wireTypeDef>
          </spirit:wireTypeDefs>
        </spirit:wire>
      </spirit:port>
      <spirit:port>
        <spirit:name>datac_ce1</spirit:name>
        <spirit:wire>
          <spirit:direction>out</spirit:direction>
          <spirit:wireTypeDefs>
            <spirit:wireTypeDef>
              <spirit:typeName>STD_LOGIC</spirit:typeName>
              <spirit:viewNameRef>xilinx_verilogsynthesis</spirit:viewNameRef>
              <spirit:viewNameRef>xilinx_verilogbehavioralsimulation</spirit:viewNameRef>
            </spirit:wireTypeDef>
          </spirit:wireTypeDefs>
        </spirit:wire>
      </spirit:port>
      <spirit:port>
        <spirit:name>datag_ce0</spirit:name>
        <spirit:wire>
          <spirit:direction>out</spirit:direction>
          <spirit:wireTypeDefs>
            <spirit:wireTypeDef>
              <spirit:typeName>STD_LOGIC</spirit:typeName>
              <spirit:viewNameRef>xilinx_verilogsynthesis</spirit:viewNameRef>
              <spirit:viewNameRef>xilinx_verilogbehavioralsimulation</spirit:viewNameRef>
            </spirit:wireTypeDef>
          </spirit:wireTypeDefs>
        </spirit:wire>
      </spirit:port>
      <spirit:port>
        <spirit:name>datag_we0</spirit:name>
        <spirit:wire>
          <spirit:direction>out</spirit:direction>
          <spirit:wireTypeDefs>
            <spirit:wireTypeDef>
              <spirit:typeName>STD_LOGIC</spirit:typeName>
              <spirit:viewNameRef>xilinx_verilogsynthesis</spirit:viewNameRef>
              <spirit:viewNameRef>xilinx_verilogbehavioralsimulation</spirit:viewNameRef>
            </spirit:wireTypeDef>
          </spirit:wireTypeDefs>
        </spirit:wire>
      </spirit:port>
      <spirit:port>
        <spirit:name>datag_ce1</spirit:name>
        <spirit:wire>
          <spirit:direction>out</spirit:direction>
          <spirit:wireTypeDefs>
            <spirit:wireTypeDef>
              <spirit:typeName>STD_LOGIC</spirit:typeName>
              <spirit:viewNameRef>xilinx_verilogsynthesis</spirit:viewNameRef>
              <spirit:viewNameRef>xilinx_verilogbehavioralsimulation</spirit:viewNameRef>
            </spirit:wireTypeDef>
          </spirit:wireTypeDefs>
        </spirit:wire>
      </spirit:port>
      <spirit:port>
        <spirit:name>datat_ce0</spirit:name>
        <spirit:wire>
          <spirit:direction>out</spirit:direction>
          <spirit:wireTypeDefs>
            <spirit:wireTypeDef>
              <spirit:typeName>STD_LOGIC</spirit:typeName>
              <spirit:viewNameRef>xilinx_verilogsynthesis</spirit:viewNameRef>
              <spirit:viewNameRef>xilinx_verilogbehavioralsimulation</spirit:viewNameRef>
            </spirit:wireTypeDef>
          </spirit:wireTypeDefs>
        </spirit:wire>
      </spirit:port>
      <spirit:port>
        <spirit:name>datat_we0</spirit:name>
        <spirit:wire>
          <spirit:direction>out</spirit:direction>
          <spirit:wireTypeDefs>
            <spirit:wireTypeDef>
              <spirit:typeName>STD_LOGIC</spirit:typeName>
              <spirit:viewNameRef>xilinx_verilogsynthesis</spirit:viewNameRef>
              <spirit:viewNameRef>xilinx_verilogbehavioralsimulation</spirit:viewNameRef>
            </spirit:wireTypeDef>
          </spirit:wireTypeDefs>
        </spirit:wire>
      </spirit:port>
      <spirit:port>
        <spirit:name>datat_ce1</spirit:name>
        <spirit:wire>
          <spirit:direction>out</spirit:direction>
          <spirit:wireTypeDefs>
            <spirit:wireTypeDef>
              <spirit:typeName>STD_LOGIC</spirit:typeName>
              <spirit:viewNameRef>xilinx_verilogsynthesis</spirit:viewNameRef>
              <spirit:viewNameRef>xilinx_verilogbehavioralsimulation</spirit:viewNameRef>
            </spirit:wireTypeDef>
          </spirit:wireTypeDefs>
        </spirit:wire>
      </spirit:port>
      <spirit:port>
        <spirit:name>ap_clk</spirit:name>
        <spirit:wire>
          <spirit:direction>in</spirit:direction>
          <spirit:wireTypeDefs>
            <spirit:wireTypeDef>
              <spirit:typeName>std_logic</spirit:typeName>
              <spirit:viewNameRef>xilinx_verilogsynthesis</spirit:viewNameRef>
              <spirit:viewNameRef>xilinx_verilogbehavioralsimulation</spirit:viewNameRef>
            </spirit:wireTypeDef>
          </spirit:wireTypeDefs>
        </spirit:wire>
      </spirit:port>
      <spirit:port>
        <spirit:name>ap_rst</spirit:name>
        <spirit:wire>
          <spirit:direction>in</spirit:direction>
          <spirit:wireTypeDefs>
            <spirit:wireTypeDef>
              <spirit:typeName>std_logic</spirit:typeName>
              <spirit:viewNameRef>xilinx_verilogsynthesis</spirit:viewNameRef>
              <spirit:viewNameRef>xilinx_verilogbehavioralsimulation</spirit:viewNameRef>
            </spirit:wireTypeDef>
          </spirit:wireTypeDefs>
        </spirit:wire>
      </spirit:port>
      <spirit:port>
        <spirit:name>ap_start</spirit:name>
        <spirit:wire>
          <spirit:direction>in</spirit:direction>
          <spirit:wireTypeDefs>
            <spirit:wireTypeDef>
              <spirit:typeName>std_logic</spirit:typeName>
              <spirit:viewNameRef>xilinx_verilogsynthesis</spirit:viewNameRef>
              <spirit:viewNameRef>xilinx_verilogbehavioralsimulation</spirit:viewNameRef>
            </spirit:wireTypeDef>
          </spirit:wireTypeDefs>
        </spirit:wire>
      </spirit:port>
      <spirit:port>
        <spirit:name>ap_done</spirit:name>
        <spirit:wire>
          <spirit:direction>out</spirit:direction>
          <spirit:wireTypeDefs>
            <spirit:wireTypeDef>
              <spirit:typeName>std_logic</spirit:typeName>
              <spirit:viewNameRef>xilinx_verilogsynthesis</spirit:viewNameRef>
              <spirit:viewNameRef>xilinx_verilogbehavioralsimulation</spirit:viewNameRef>
            </spirit:wireTypeDef>
          </spirit:wireTypeDefs>
        </spirit:wire>
      </spirit:port>
      <spirit:port>
        <spirit:name>ap_idle</spirit:name>
        <spirit:wire>
          <spirit:direction>out</spirit:direction>
          <spirit:wireTypeDefs>
            <spirit:wireTypeDef>
              <spirit:typeName>std_logic</spirit:typeName>
              <spirit:viewNameRef>xilinx_verilogsynthesis</spirit:viewNameRef>
              <spirit:viewNameRef>xilinx_verilogbehavioralsimulation</spirit:viewNameRef>
            </spirit:wireTypeDef>
          </spirit:wireTypeDefs>
        </spirit:wire>
      </spirit:port>
      <spirit:port>
        <spirit:name>ap_ready</spirit:name>
        <spirit:wire>
          <spirit:direction>out</spirit:direction>
          <spirit:wireTypeDefs>
            <spirit:wireTypeDef>
              <spirit:typeName>std_logic</spirit:typeName>
              <spirit:viewNameRef>xilinx_verilogsynthesis</spirit:viewNameRef>
              <spirit:viewNameRef>xilinx_verilogbehavioralsimulation</spirit:viewNameRef>
            </spirit:wireTypeDef>
          </spirit:wireTypeDefs>
        </spirit:wire>
      </spirit:port>
      <spirit:port>
        <spirit:name>ap_return</spirit:name>
        <spirit:wire>
          <spirit:direction>out</spirit:direction>
          <spirit:vector>
            <spirit:left spirit:format="long">63</spirit:left>
            <spirit:right spirit:format="long">0</spirit:right>
          </spirit:vector>
          <spirit:wireTypeDefs>
            <spirit:wireTypeDef>
              <spirit:typeName>std_logic_vector</spirit:typeName>
              <spirit:viewNameRef>xilinx_verilogsynthesis</spirit:viewNameRef>
              <spirit:viewNameRef>xilinx_verilogbehavioralsimulation</spirit:viewNameRef>
            </spirit:wireTypeDef>
          </spirit:wireTypeDefs>
        </spirit:wire>
      </spirit:port>
      <spirit:port>
        <spirit:name>size</spirit:name>
        <spirit:wire>
          <spirit:direction>in</spirit:direction>
          <spirit:vector>
            <spirit:left spirit:format="long">31</spirit:left>
            <spirit:right spirit:format="long">0</spirit:right>
          </spirit:vector>
          <spirit:wireTypeDefs>
            <spirit:wireTypeDef>
              <spirit:typeName>std_logic_vector</spirit:typeName>
              <spirit:viewNameRef>xilinx_verilogsynthesis</spirit:viewNameRef>
              <spirit:viewNameRef>xilinx_verilogbehavioralsimulation</spirit:viewNameRef>
            </spirit:wireTypeDef>
          </spirit:wireTypeDefs>
        </spirit:wire>
      </spirit:port>
      <spirit:port>
        <spirit:name>length_r</spirit:name>
        <spirit:wire>
          <spirit:direction>in</spirit:direction>
          <spirit:vector>
            <spirit:left spirit:format="long">31</spirit:left>
            <spirit:right spirit:format="long">0</spirit:right>
          </spirit:vector>
          <spirit:wireTypeDefs>
            <spirit:wireTypeDef>
              <spirit:typeName>std_logic_vector</spirit:typeName>
              <spirit:viewNameRef>xilinx_verilogsynthesis</spirit:viewNameRef>
              <spirit:viewNameRef>xilinx_verilogbehavioralsimulation</spirit:viewNameRef>
            </spirit:wireTypeDef>
          </spirit:wireTypeDefs>
        </spirit:wire>
      </spirit:port>
      <spirit:port>
        <spirit:name>dataa_address0</spirit:name>
        <spirit:wire>
          <spirit:direction>out</spirit:direction>
          <spirit:vector>
            <spirit:left spirit:format="long">6</spirit:left>
            <spirit:right spirit:format="long">0</spirit:right>
          </spirit:vector>
          <spirit:wireTypeDefs>
            <spirit:wireTypeDef>
              <spirit:typeName>std_logic_vector</spirit:typeName>
              <spirit:viewNameRef>xilinx_verilogsynthesis</spirit:viewNameRef>
              <spirit:viewNameRef>xilinx_verilogbehavioralsimulation</spirit:viewNameRef>
            </spirit:wireTypeDef>
          </spirit:wireTypeDefs>
        </spirit:wire>
      </spirit:port>
      <spirit:port>
        <spirit:name>dataa_d0</spirit:name>
        <spirit:wire>
          <spirit:direction>out</spirit:direction>
          <spirit:vector>
            <spirit:left spirit:format="long">63</spirit:left>
            <spirit:right spirit:format="long">0</spirit:right>
          </spirit:vector>
          <spirit:wireTypeDefs>
            <spirit:wireTypeDef>
              <spirit:typeName>std_logic_vector</spirit:typeName>
              <spirit:viewNameRef>xilinx_verilogsynthesis</spirit:viewNameRef>
              <spirit:viewNameRef>xilinx_verilogbehavioralsimulation</spirit:viewNameRef>
            </spirit:wireTypeDef>
          </spirit:wireTypeDefs>
        </spirit:wire>
      </spirit:port>
      <spirit:port>
        <spirit:name>dataa_q0</spirit:name>
        <spirit:wire>
          <spirit:direction>in</spirit:direction>
          <spirit:vector>
            <spirit:left spirit:format="long">63</spirit:left>
            <spirit:right spirit:format="long">0</spirit:right>
          </spirit:vector>
          <spirit:wireTypeDefs>
            <spirit:wireTypeDef>
              <spirit:typeName>std_logic_vector</spirit:typeName>
              <spirit:viewNameRef>xilinx_verilogsynthesis</spirit:viewNameRef>
              <spirit:viewNameRef>xilinx_verilogbehavioralsimulation</spirit:viewNameRef>
            </spirit:wireTypeDef>
          </spirit:wireTypeDefs>
        </spirit:wire>
      </spirit:port>
      <spirit:port>
        <spirit:name>dataa_address1</spirit:name>
        <spirit:wire>
          <spirit:direction>out</spirit:direction>
          <spirit:vector>
            <spirit:left spirit:format="long">6</spirit:left>
            <spirit:right spirit:format="long">0</spirit:right>
          </spirit:vector>
          <spirit:wireTypeDefs>
            <spirit:wireTypeDef>
              <spirit:typeName>std_logic_vector</spirit:typeName>
              <spirit:viewNameRef>xilinx_verilogsynthesis</spirit:viewNameRef>
              <spirit:viewNameRef>xilinx_verilogbehavioralsimulation</spirit:viewNameRef>
            </spirit:wireTypeDef>
          </spirit:wireTypeDefs>
        </spirit:wire>
      </spirit:port>
      <spirit:port>
        <spirit:name>dataa_q1</spirit:name>
        <spirit:wire>
          <spirit:direction>in</spirit:direction>
          <spirit:vector>
            <spirit:left spirit:format="long">63</spirit:left>
            <spirit:right spirit:format="long">0</spirit:right>
          </spirit:vector>
          <spirit:wireTypeDefs>
            <spirit:wireTypeDef>
              <spirit:typeName>std_logic_vector</spirit:typeName>
              <spirit:viewNameRef>xilinx_verilogsynthesis</spirit:viewNameRef>
              <spirit:viewNameRef>xilinx_verilogbehavioralsimulation</spirit:viewNameRef>
            </spirit:wireTypeDef>
          </spirit:wireTypeDefs>
        </spirit:wire>
      </spirit:port>
      <spirit:port>
        <spirit:name>datac_address0</spirit:name>
        <spirit:wire>
          <spirit:direction>out</spirit:direction>
          <spirit:vector>
            <spirit:left spirit:format="long">6</spirit:left>
            <spirit:right spirit:format="long">0</spirit:right>
          </spirit:vector>
          <spirit:wireTypeDefs>
            <spirit:wireTypeDef>
              <spirit:typeName>std_logic_vector</spirit:typeName>
              <spirit:viewNameRef>xilinx_verilogsynthesis</spirit:viewNameRef>
              <spirit:viewNameRef>xilinx_verilogbehavioralsimulation</spirit:viewNameRef>
            </spirit:wireTypeDef>
          </spirit:wireTypeDefs>
        </spirit:wire>
      </spirit:port>
      <spirit:port>
        <spirit:name>datac_d0</spirit:name>
        <spirit:wire>
          <spirit:direction>out</spirit:direction>
          <spirit:vector>
            <spirit:left spirit:format="long">63</spirit:left>
            <spirit:right spirit:format="long">0</spirit:right>
          </spirit:vector>
          <spirit:wireTypeDefs>
            <spirit:wireTypeDef>
              <spirit:typeName>std_logic_vector</spirit:typeName>
              <spirit:viewNameRef>xilinx_verilogsynthesis</spirit:viewNameRef>
              <spirit:viewNameRef>xilinx_verilogbehavioralsimulation</spirit:viewNameRef>
            </spirit:wireTypeDef>
          </spirit:wireTypeDefs>
        </spirit:wire>
      </spirit:port>
      <spirit:port>
        <spirit:name>datac_q0</spirit:name>
        <spirit:wire>
          <spirit:direction>in</spirit:direction>
          <spirit:vector>
            <spirit:left spirit:format="long">63</spirit:left>
            <spirit:right spirit:format="long">0</spirit:right>
          </spirit:vector>
          <spirit:wireTypeDefs>
            <spirit:wireTypeDef>
              <spirit:typeName>std_logic_vector</spirit:typeName>
              <spirit:viewNameRef>xilinx_verilogsynthesis</spirit:viewNameRef>
              <spirit:viewNameRef>xilinx_verilogbehavioralsimulation</spirit:viewNameRef>
            </spirit:wireTypeDef>
          </spirit:wireTypeDefs>
        </spirit:wire>
      </spirit:port>
      <spirit:port>
        <spirit:name>datac_address1</spirit:name>
        <spirit:wire>
          <spirit:direction>out</spirit:direction>
          <spirit:vector>
            <spirit:left spirit:format="long">6</spirit:left>
            <spirit:right spirit:format="long">0</spirit:right>
          </spirit:vector>
          <spirit:wireTypeDefs>
            <spirit:wireTypeDef>
              <spirit:typeName>std_logic_vector</spirit:typeName>
              <spirit:viewNameRef>xilinx_verilogsynthesis</spirit:viewNameRef>
              <spirit:viewNameRef>xilinx_verilogbehavioralsimulation</spirit:viewNameRef>
            </spirit:wireTypeDef>
          </spirit:wireTypeDefs>
        </spirit:wire>
      </spirit:port>
      <spirit:port>
        <spirit:name>datac_q1</spirit:name>
        <spirit:wire>
          <spirit:direction>in</spirit:direction>
          <spirit:vector>
            <spirit:left spirit:format="long">63</spirit:left>
            <spirit:right spirit:format="long">0</spirit:right>
          </spirit:vector>
          <spirit:wireTypeDefs>
            <spirit:wireTypeDef>
              <spirit:typeName>std_logic_vector</spirit:typeName>
              <spirit:viewNameRef>xilinx_verilogsynthesis</spirit:viewNameRef>
              <spirit:viewNameRef>xilinx_verilogbehavioralsimulation</spirit:viewNameRef>
            </spirit:wireTypeDef>
          </spirit:wireTypeDefs>
        </spirit:wire>
      </spirit:port>
      <spirit:port>
        <spirit:name>datag_address0</spirit:name>
        <spirit:wire>
          <spirit:direction>out</spirit:direction>
          <spirit:vector>
            <spirit:left spirit:format="long">6</spirit:left>
            <spirit:right spirit:format="long">0</spirit:right>
          </spirit:vector>
          <spirit:wireTypeDefs>
            <spirit:wireTypeDef>
              <spirit:typeName>std_logic_vector</spirit:typeName>
              <spirit:viewNameRef>xilinx_verilogsynthesis</spirit:viewNameRef>
              <spirit:viewNameRef>xilinx_verilogbehavioralsimulation</spirit:viewNameRef>
            </spirit:wireTypeDef>
          </spirit:wireTypeDefs>
        </spirit:wire>
      </spirit:port>
      <spirit:port>
        <spirit:name>datag_d0</spirit:name>
        <spirit:wire>
          <spirit:direction>out</spirit:direction>
          <spirit:vector>
            <spirit:left spirit:format="long">63</spirit:left>
            <spirit:right spirit:format="long">0</spirit:right>
          </spirit:vector>
          <spirit:wireTypeDefs>
            <spirit:wireTypeDef>
              <spirit:typeName>std_logic_vector</spirit:typeName>
              <spirit:viewNameRef>xilinx_verilogsynthesis</spirit:viewNameRef>
              <spirit:viewNameRef>xilinx_verilogbehavioralsimulation</spirit:viewNameRef>
            </spirit:wireTypeDef>
          </spirit:wireTypeDefs>
        </spirit:wire>
      </spirit:port>
      <spirit:port>
        <spirit:name>datag_q0</spirit:name>
        <spirit:wire>
          <spirit:direction>in</spirit:direction>
          <spirit:vector>
            <spirit:left spirit:format="long">63</spirit:left>
            <spirit:right spirit:format="long">0</spirit:right>
          </spirit:vector>
          <spirit:wireTypeDefs>
            <spirit:wireTypeDef>
              <spirit:typeName>std_logic_vector</spirit:typeName>
              <spirit:viewNameRef>xilinx_verilogsynthesis</spirit:viewNameRef>
              <spirit:viewNameRef>xilinx_verilogbehavioralsimulation</spirit:viewNameRef>
            </spirit:wireTypeDef>
          </spirit:wireTypeDefs>
        </spirit:wire>
      </spirit:port>
      <spirit:port>
        <spirit:name>datag_address1</spirit:name>
        <spirit:wire>
          <spirit:direction>out</spirit:direction>
          <spirit:vector>
            <spirit:left spirit:format="long">6</spirit:left>
            <spirit:right spirit:format="long">0</spirit:right>
          </spirit:vector>
          <spirit:wireTypeDefs>
            <spirit:wireTypeDef>
              <spirit:typeName>std_logic_vector</spirit:typeName>
              <spirit:viewNameRef>xilinx_verilogsynthesis</spirit:viewNameRef>
              <spirit:viewNameRef>xilinx_verilogbehavioralsimulation</spirit:viewNameRef>
            </spirit:wireTypeDef>
          </spirit:wireTypeDefs>
        </spirit:wire>
      </spirit:port>
      <spirit:port>
        <spirit:name>datag_q1</spirit:name>
        <spirit:wire>
          <spirit:direction>in</spirit:direction>
          <spirit:vector>
            <spirit:left spirit:format="long">63</spirit:left>
            <spirit:right spirit:format="long">0</spirit:right>
          </spirit:vector>
          <spirit:wireTypeDefs>
            <spirit:wireTypeDef>
              <spirit:typeName>std_logic_vector</spirit:typeName>
              <spirit:viewNameRef>xilinx_verilogsynthesis</spirit:viewNameRef>
              <spirit:viewNameRef>xilinx_verilogbehavioralsimulation</spirit:viewNameRef>
            </spirit:wireTypeDef>
          </spirit:wireTypeDefs>
        </spirit:wire>
      </spirit:port>
      <spirit:port>
        <spirit:name>datat_address0</spirit:name>
        <spirit:wire>
          <spirit:direction>out</spirit:direction>
          <spirit:vector>
            <spirit:left spirit:format="long">6</spirit:left>
            <spirit:right spirit:format="long">0</spirit:right>
          </spirit:vector>
          <spirit:wireTypeDefs>
            <spirit:wireTypeDef>
              <spirit:typeName>std_logic_vector</spirit:typeName>
              <spirit:viewNameRef>xilinx_verilogsynthesis</spirit:viewNameRef>
              <spirit:viewNameRef>xilinx_verilogbehavioralsimulation</spirit:viewNameRef>
            </spirit:wireTypeDef>
          </spirit:wireTypeDefs>
        </spirit:wire>
      </spirit:port>
      <spirit:port>
        <spirit:name>datat_d0</spirit:name>
        <spirit:wire>
          <spirit:direction>out</spirit:direction>
          <spirit:vector>
            <spirit:left spirit:format="long">63</spirit:left>
            <spirit:right spirit:format="long">0</spirit:right>
          </spirit:vector>
          <spirit:wireTypeDefs>
            <spirit:wireTypeDef>
              <spirit:typeName>std_logic_vector</spirit:typeName>
              <spirit:viewNameRef>xilinx_verilogsynthesis</spirit:viewNameRef>
              <spirit:viewNameRef>xilinx_verilogbehavioralsimulation</spirit:viewNameRef>
            </spirit:wireTypeDef>
          </spirit:wireTypeDefs>
        </spirit:wire>
      </spirit:port>
      <spirit:port>
        <spirit:name>datat_q0</spirit:name>
        <spirit:wire>
          <spirit:direction>in</spirit:direction>
          <spirit:vector>
            <spirit:left spirit:format="long">63</spirit:left>
            <spirit:right spirit:format="long">0</spirit:right>
          </spirit:vector>
          <spirit:wireTypeDefs>
            <spirit:wireTypeDef>
              <spirit:typeName>std_logic_vector</spirit:typeName>
              <spirit:viewNameRef>xilinx_verilogsynthesis</spirit:viewNameRef>
              <spirit:viewNameRef>xilinx_verilogbehavioralsimulation</spirit:viewNameRef>
            </spirit:wireTypeDef>
          </spirit:wireTypeDefs>
        </spirit:wire>
      </spirit:port>
      <spirit:port>
        <spirit:name>datat_address1</spirit:name>
        <spirit:wire>
          <spirit:direction>out</spirit:direction>
          <spirit:vector>
            <spirit:left spirit:format="long">6</spirit:left>
            <spirit:right spirit:format="long">0</spirit:right>
          </spirit:vector>
          <spirit:wireTypeDefs>
            <spirit:wireTypeDef>
              <spirit:typeName>std_logic_vector</spirit:typeName>
              <spirit:viewNameRef>xilinx_verilogsynthesis</spirit:viewNameRef>
              <spirit:viewNameRef>xilinx_verilogbehavioralsimulation</spirit:viewNameRef>
            </spirit:wireTypeDef>
          </spirit:wireTypeDefs>
        </spirit:wire>
      </spirit:port>
      <spirit:port>
        <spirit:name>datat_q1</spirit:name>
        <spirit:wire>
          <spirit:direction>in</spirit:direction>
          <spirit:vector>
            <spirit:left spirit:format="long">63</spirit:left>
            <spirit:right spirit:format="long">0</spirit:right>
          </spirit:vector>
          <spirit:wireTypeDefs>
            <spirit:wireTypeDef>
              <spirit:typeName>std_logic_vector</spirit:typeName>
              <spirit:viewNameRef>xilinx_verilogsynthesis</spirit:viewNameRef>
              <spirit:viewNameRef>xilinx_verilogbehavioralsimulation</spirit:viewNameRef>
            </spirit:wireTypeDef>
          </spirit:wireTypeDefs>
        </spirit:wire>
      </spirit:port>
    </spirit:ports>
  </spirit:model>
  <spirit:fileSets>
    <spirit:fileSet>
      <spirit:name>xilinx_verilogsynthesis_view_fileset</spirit:name>
      <spirit:file>
        <spirit:name>hdl/ip/compute_ap_dadd_2_full_dsp_64.vhd</spirit:name>
        <spirit:fileType>vhdlSource</spirit:fileType>
      </spirit:file>
      <spirit:file>
        <spirit:name>hdl/ip/compute_ap_dmul_3_max_dsp_64.vhd</spirit:name>
        <spirit:fileType>vhdlSource</spirit:fileType>
      </spirit:file>
      <spirit:file>
        <spirit:name>constraints/compute_ooc.xdc</spirit:name>
        <spirit:userFileType>xdc</spirit:userFileType>
        <spirit:userFileType>USED_IN_out_of_context</spirit:userFileType>
      </spirit:file>
      <spirit:file>
        <spirit:name>hdl/verilog/compute_dadd_64nsbkb.v</spirit:name>
        <spirit:fileType>verilogSource</spirit:fileType>
      </spirit:file>
      <spirit:file>
        <spirit:name>hdl/verilog/compute_dmul_64nscud.v</spirit:name>
        <spirit:fileType>verilogSource</spirit:fileType>
      </spirit:file>
      <spirit:file>
        <spirit:name>hdl/verilog/compute.v</spirit:name>
        <spirit:fileType>verilogSource</spirit:fileType>
      </spirit:file>
    </spirit:fileSet>
    <spirit:fileSet>
      <spirit:name>xilinx_verilogsynthesis_xilinx_com_ip_floating_point_7_1__ref_view_fileset</spirit:name>
      <spirit:vendorExtensions>
        <xilinx:subCoreRef>
          <xilinx:componentRef xsi:type="xilinx:componentRefType" xilinx:vendor="xilinx.com" xilinx:library="ip" xilinx:name="floating_point" xilinx:version="7.1">
            <xilinx:mode xilinx:name="copy_mode"/>
          </xilinx:componentRef>
        </xilinx:subCoreRef>
      </spirit:vendorExtensions>
    </spirit:fileSet>
    <spirit:fileSet>
      <spirit:name>xilinx_verilogbehavioralsimulation_view_fileset</spirit:name>
      <spirit:file>
        <spirit:name>hdl/verilog/compute_dadd_64nsbkb.v</spirit:name>
        <spirit:fileType>verilogSource</spirit:fileType>
        <spirit:userFileType>USED_IN_ipstatic</spirit:userFileType>
      </spirit:file>
      <spirit:file>
        <spirit:name>hdl/verilog/compute_dmul_64nscud.v</spirit:name>
        <spirit:fileType>verilogSource</spirit:fileType>
        <spirit:userFileType>USED_IN_ipstatic</spirit:userFileType>
      </spirit:file>
      <spirit:file>
        <spirit:name>hdl/verilog/compute.v</spirit:name>
        <spirit:fileType>verilogSource</spirit:fileType>
        <spirit:userFileType>USED_IN_ipstatic</spirit:userFileType>
      </spirit:file>
      <spirit:file>
        <spirit:name>hdl/ip/compute_ap_dadd_2_full_dsp_64.vhd</spirit:name>
        <spirit:fileType>vhdlSource</spirit:fileType>
        <spirit:userFileType>USED_IN_ipstatic</spirit:userFileType>
      </spirit:file>
      <spirit:file>
        <spirit:name>hdl/ip/compute_ap_dmul_3_max_dsp_64.vhd</spirit:name>
        <spirit:fileType>vhdlSource</spirit:fileType>
        <spirit:userFileType>USED_IN_ipstatic</spirit:userFileType>
      </spirit:file>
    </spirit:fileSet>
    <spirit:fileSet>
      <spirit:name>xilinx_verilogbehavioralsimulation_xilinx_com_ip_floating_point_7_1__ref_view_fileset</spirit:name>
      <spirit:vendorExtensions>
        <xilinx:subCoreRef>
          <xilinx:componentRef xilinx:vendor="xilinx.com" xilinx:library="ip" xilinx:name="floating_point" xilinx:version="7.1">
            <xilinx:mode xilinx:name="copy_mode"/>
          </xilinx:componentRef>
        </xilinx:subCoreRef>
      </spirit:vendorExtensions>
    </spirit:fileSet>
    <spirit:fileSet>
      <spirit:name>xilinx_vhdlsynthesis_view_fileset</spirit:name>
      <spirit:file>
        <spirit:name>hdl/ip/compute_ap_dadd_2_full_dsp_64.vhd</spirit:name>
        <spirit:fileType>vhdlSource</spirit:fileType>
      </spirit:file>
      <spirit:file>
        <spirit:name>hdl/ip/compute_ap_dmul_3_max_dsp_64.vhd</spirit:name>
        <spirit:fileType>vhdlSource</spirit:fileType>
      </spirit:file>
      <spirit:file>
        <spirit:name>constraints/compute_ooc.xdc</spirit:name>
        <spirit:userFileType>xdc</spirit:userFileType>
        <spirit:userFileType>USED_IN_out_of_context</spirit:userFileType>
      </spirit:file>
      <spirit:file>
        <spirit:name>hdl/vhdl/compute_dadd_64nsbkb.vhd</spirit:name>
        <spirit:fileType>vhdlSource</spirit:fileType>
      </spirit:file>
      <spirit:file>
        <spirit:name>hdl/vhdl/compute_dmul_64nscud.vhd</spirit:name>
        <spirit:fileType>vhdlSource</spirit:fileType>
      </spirit:file>
      <spirit:file>
        <spirit:name>hdl/vhdl/compute.vhd</spirit:name>
        <spirit:fileType>vhdlSource</spirit:fileType>
        <spirit:userFileType>CHECKSUM_1856b7ea</spirit:userFileType>
      </spirit:file>
    </spirit:fileSet>
    <spirit:fileSet>
      <spirit:name>xilinx_vhdlsynthesis_xilinx_com_ip_floating_point_7_1__ref_view_fileset</spirit:name>
      <spirit:vendorExtensions>
        <xilinx:subCoreRef>
          <xilinx:componentRef xilinx:vendor="xilinx.com" xilinx:library="ip" xilinx:name="floating_point" xilinx:version="7.1">
            <xilinx:mode xilinx:name="copy_mode"/>
          </xilinx:componentRef>
        </xilinx:subCoreRef>
      </spirit:vendorExtensions>
    </spirit:fileSet>
    <spirit:fileSet>
      <spirit:name>xilinx_vhdlbehavioralsimulation_view_fileset</spirit:name>
      <spirit:file>
        <spirit:name>hdl/vhdl/compute_dadd_64nsbkb.vhd</spirit:name>
        <spirit:fileType>vhdlSource</spirit:fileType>
        <spirit:userFileType>USED_IN_ipstatic</spirit:userFileType>
      </spirit:file>
      <spirit:file>
        <spirit:name>hdl/vhdl/compute_dmul_64nscud.vhd</spirit:name>
        <spirit:fileType>vhdlSource</spirit:fileType>
        <spirit:userFileType>USED_IN_ipstatic</spirit:userFileType>
      </spirit:file>
      <spirit:file>
        <spirit:name>hdl/vhdl/compute.vhd</spirit:name>
        <spirit:fileType>vhdlSource</spirit:fileType>
        <spirit:userFileType>USED_IN_ipstatic</spirit:userFileType>
      </spirit:file>
      <spirit:file>
        <spirit:name>hdl/ip/compute_ap_dadd_2_full_dsp_64.vhd</spirit:name>
        <spirit:fileType>vhdlSource</spirit:fileType>
        <spirit:userFileType>USED_IN_ipstatic</spirit:userFileType>
      </spirit:file>
      <spirit:file>
        <spirit:name>hdl/ip/compute_ap_dmul_3_max_dsp_64.vhd</spirit:name>
        <spirit:fileType>vhdlSource</spirit:fileType>
        <spirit:userFileType>USED_IN_ipstatic</spirit:userFileType>
      </spirit:file>
    </spirit:fileSet>
    <spirit:fileSet>
      <spirit:name>xilinx_vhdlbehavioralsimulation_xilinx_com_ip_floating_point_7_1__ref_view_fileset</spirit:name>
      <spirit:vendorExtensions>
        <xilinx:subCoreRef>
          <xilinx:componentRef xilinx:vendor="xilinx.com" xilinx:library="ip" xilinx:name="floating_point" xilinx:version="7.1">
            <xilinx:mode xilinx:name="copy_mode"/>
          </xilinx:componentRef>
        </xilinx:subCoreRef>
      </spirit:vendorExtensions>
    </spirit:fileSet>
    <spirit:fileSet>
      <spirit:name>xilinx_documentation_view_fileset</spirit:name>
      <spirit:file>
        <spirit:name>doc/ReleaseNotes.txt</spirit:name>
        <spirit:userFileType>text</spirit:userFileType>
      </spirit:file>
    </spirit:fileSet>
    <spirit:fileSet>
      <spirit:name>xilinx_miscfiles_view_fileset</spirit:name>
      <spirit:file>
        <spirit:name>misc/logo.png</spirit:name>
        <spirit:userFileType>image</spirit:userFileType>
      </spirit:file>
    </spirit:fileSet>
    <spirit:fileSet>
      <spirit:name>xilinx_xpgui_view_fileset</spirit:name>
      <spirit:file>
        <spirit:name>xgui/compute_v1_0.tcl</spirit:name>
        <spirit:fileType>tclSource</spirit:fileType>
        <spirit:userFileType>CHECKSUM_bdef2832</spirit:userFileType>
        <spirit:userFileType>XGUI_VERSION_2</spirit:userFileType>
      </spirit:file>
    </spirit:fileSet>
    <spirit:fileSet>
      <spirit:name>xilinx_utilityxitfiles_view_fileset</spirit:name>
      <spirit:file>
        <spirit:name>misc/logo.png</spirit:name>
        <spirit:userFileType>image</spirit:userFileType>
        <spirit:userFileType>LOGO</spirit:userFileType>
      </spirit:file>
    </spirit:fileSet>
  </spirit:fileSets>
  <spirit:description>An IP generated by Vivado HLS</spirit:description>
  <spirit:parameters>
    <spirit:parameter>
      <spirit:name>Component_Name</spirit:name>
      <spirit:value spirit:resolve="user" spirit:id="PARAM_VALUE.Component_Name" spirit:order="1">compute_v1_0</spirit:value>
    </spirit:parameter>
    <spirit:parameter>
      <spirit:name>clk_period</spirit:name>
      <spirit:value spirit:id="PARAM_VALUE.clk_period" spirit:order="2">10.000000</spirit:value>
    </spirit:parameter>
    <spirit:parameter>
      <spirit:name>machine</spirit:name>
      <spirit:value spirit:id="PARAM_VALUE.machine" spirit:order="3">64</spirit:value>
    </spirit:parameter>
    <spirit:parameter>
      <spirit:name>combinational</spirit:name>
      <spirit:value spirit:id="PARAM_VALUE.combinational" spirit:order="4">0</spirit:value>
    </spirit:parameter>
    <spirit:parameter>
      <spirit:name>latency</spirit:name>
      <spirit:value spirit:id="PARAM_VALUE.latency" spirit:order="5">undef</spirit:value>
    </spirit:parameter>
    <spirit:parameter>
      <spirit:name>II</spirit:name>
      <spirit:value spirit:id="PARAM_VALUE.II" spirit:order="6">x</spirit:value>
    </spirit:parameter>
  </spirit:parameters>
  <spirit:vendorExtensions>
    <xilinx:coreExtensions>
      <xilinx:supportedFamilies>
        <xilinx:family xilinx:lifeCycle="Pre-Production">kintex7</xilinx:family>
      </xilinx:supportedFamilies>
      <xilinx:taxonomies>
        <xilinx:taxonomy>/VIVADO_HLS_IP</xilinx:taxonomy>
      </xilinx:taxonomies>
      <xilinx:displayName>Compute</xilinx:displayName>
      <xilinx:definitionSource>HLS</xilinx:definitionSource>
      <xilinx:coreRevision>1701302258</xilinx:coreRevision>
      <xilinx:coreCreationDateTime>2017-01-31T04:58:41Z</xilinx:coreCreationDateTime>
    </xilinx:coreExtensions>
    <xilinx:packagingInfo>
      <xilinx:xilinxVersion>2016.3</xilinx:xilinxVersion>
    </xilinx:packagingInfo>
  </spirit:vendorExtensions>
</spirit:component>
